cran_package,conflict_url,github_owner_repo
mime,https://github.com/l-magnificence/Mime,l-magnificence/Mime
tibble,https://github.com/Indie365/tibble,Indie365/tibble
renv,https://github.com/Zolismith19/RENV,Zolismith19/RENV
renv,https://github.com/annaimpel/renv,annaimpel/renv
remotes,https://github.com/scubasteveqa/remotes,scubasteveqa/remotes
later,https://github.com/hilgers-lab/LATER,hilgers-lab/LATER
tidyr,https://github.com/erinweadick/TidyR,erinweadick/TidyR
glue,https://github.com/DSSAT/glue,DSSAT/glue
renv,https://github.com/onkaronkar4/renv,onkaronkar4/renv
renv,https://github.com/danyangc/renv,danyangc/renv
rvest,https://github.com/PaulowniaLee/rvest,PaulowniaLee/rvest
tidyr,https://github.com/Sheila-Mwa/tidyr,Sheila-Mwa/tidyr
renv,https://github.com/arraytools/renv,arraytools/renv
hms,https://github.com/WojtAcht/hms,WojtAcht/hms
renv,https://github.com/ZhuohanChi/renv,ZhuohanChi/renv
purrr,https://github.com/takat0-ch/purrr,takat0-ch/purrr
renv,https://github.com/saponce99/renv,saponce99/renv
isoband,https://github.com/jkrumbiegel/isoband,jkrumbiegel/isoband
withr,https://github.com/playbooksolitude/withr,playbooksolitude/withr
mime,https://github.com/solutionsbyconnections/mime,solutionsbyconnections/mime
